﻿<?xml version="1.0" encoding="utf-8"?>
<Deployment xmlns="http://schemas.microsoft.com/windowsphone/2009/deployment" AppPlatformVersion="7.1">
  <App xmlns="" ProductID="{f774542f-60bf-4c7c-88ed-6ff45b6008f5}" Title="@AppResLib.dll,-100" RuntimeType="Silverlight" Version="1.5.0.0" Genre="apps.normal" Author="Christofer Löf" Description="Keep track of your car travels and related expenses. Export through e-mail for easy import to Excel and similar applications." Publisher="Christofer Löf">
    <IconPath IsRelative="true" IsResource="false">appicon.png</IconPath>
    <Capabilities>
      <Capability Name="ID_CAP_NETWORKING" />
      <Capability Name="ID_CAP_IDENTITY_USER"/>
      <Capability Name="ID_CAP_IDENTITY_DEVICE"/>
    </Capabilities>
    <Tasks>
      <DefaultTask Name="_default" NavigationPage="MainPage.xaml" />
    </Tasks>
    <Tokens>
      <PrimaryToken TokenID="DriverslogToken" TaskName="_default">
        <TemplateType5>
          <BackgroundImageURI IsRelative="true" IsResource="false">tile.png</BackgroundImageURI>
          <Count>0</Count>
          <Title>@AppResLib.dll,-200</Title>
        </TemplateType5>
      </PrimaryToken>
    </Tokens>
  </App>
</Deployment>

<!-- WPSDK Version 7.1.7720.0 -->
